URL,Path,SEO Score,Performance Score,Accessibility Score,Best Practices Score,Issues Count,Status
https://www.yhflexiblebusbar.com/,/,N/A,N/A,N/A,N/A,N/A,Failed
https://www.yhflexiblebusbar.com/en,/en,N/A,N/A,N/A,N/A,N/A,Failed
https://www.yhflexiblebusbar.com/es,/es,N/A,N/A,N/A,N/A,N/A,Failed
https://www.yhflexiblebusbar.com/en/products,/en/products,N/A,N/A,N/A,N/A,N/A,Failed
https://www.yhflexiblebusbar.com/es/productos,/es/productos,N/A,N/A,N/A,N/A,N/A,Failed
https://www.yhflexiblebusbar.com/en/solutions,/en/solutions,N/A,N/A,N/A,N/A,N/A,Failed
https://www.yhflexiblebusbar.com/es/soluciones,/es/soluciones,N/A,N/A,N/A,N/A,N/A,Failed
https://www.yhflexiblebusbar.com/en/about,/en/about,N/A,N/A,N/A,N/A,N/A,Failed
https://www.yhflexiblebusbar.com/es/acerca-de,/es/acerca-de,N/A,N/A,N/A,N/A,N/A,Failed
https://www.yhflexiblebusbar.com/en/services,/en/services,N/A,N/A,N/A,N/A,N/A,Failed
https://www.yhflexiblebusbar.com/es/servicios,/es/servicios,N/A,N/A,N/A,N/A,N/A,Failed
https://www.yhflexiblebusbar.com/en/projects,/en/projects,N/A,N/A,N/A,N/A,N/A,Failed
https://www.yhflexiblebusbar.com/es/proyectos,/es/proyectos,N/A,N/A,N/A,N/A,N/A,Failed
https://www.yhflexiblebusbar.com/en/contact,/en/contact,N/A,N/A,N/A,N/A,N/A,Failed
https://www.yhflexiblebusbar.com/es/contacto,/es/contacto,N/A,N/A,N/A,N/A,N/A,Failed
https://www.yhflexiblebusbar.com/en/articles,/en/articles,N/A,N/A,N/A,N/A,N/A,Failed
https://www.yhflexiblebusbar.com/es/articulos,/es/articulos,N/A,N/A,N/A,N/A,N/A,Failed