URL,Path,Score,Issues Count,Status
https://www.yhflexiblebusbar.com/,/,0,0,Failed
https://www.yhflexiblebusbar.com/en,/en,0,0,Failed
https://www.yhflexiblebusbar.com/es,/es,0,0,Failed
https://www.yhflexiblebusbar.com/en/products,/en/products,0,0,Failed
https://www.yhflexiblebusbar.com/es/productos,/es/productos,0,0,Failed
https://www.yhflexiblebusbar.com/en/solutions,/en/solutions,0,0,Failed
https://www.yhflexiblebusbar.com/es/soluciones,/es/soluciones,0,0,Failed
https://www.yhflexiblebusbar.com/en/about,/en/about,0,0,Failed
https://www.yhflexiblebusbar.com/es/acerca-de,/es/acerca-de,0,0,Failed
https://www.yhflexiblebusbar.com/en/services,/en/services,0,0,Failed
https://www.yhflexiblebusbar.com/es/servicios,/es/servicios,0,0,Failed
https://www.yhflexiblebusbar.com/en/projects,/en/projects,0,0,Failed
https://www.yhflexiblebusbar.com/es/proyectos,/es/proyectos,0,0,Failed
https://www.yhflexiblebusbar.com/en/contact,/en/contact,0,0,Failed
https://www.yhflexiblebusbar.com/es/contacto,/es/contacto,0,0,Failed
https://www.yhflexiblebusbar.com/en/articles,/en/articles,0,0,Failed
https://www.yhflexiblebusbar.com/es/articulos,/es/articulos,0,0,Failed