"Address","Occurrences","Indexability","Indexability Status","Canonical Link Element 1","HTTP Canonical","Meta Robots 1","X-Robots-Tag 1","rel=""next"" 1","rel=""prev"" 1","HTTP rel=""next"" 1","HTTP rel=""prev"" 1"
"https://www.yhflexiblebusbar.com/en","1","Non-Indexable","Canonicalised","https://www.yhflexiblebusbar.com/","","index, follow","","","","",""
"https://www.yhflexiblebusbar.com/en/solutions","1","Non-Indexable","Canonicalised","https://www.yhflexiblebusbar.com/solutions","","index, follow","","","","",""
"https://www.yhflexiblebusbar.com/en/solutions/power-system","1","Non-Indexable","Canonicalised","https://www.yhflexiblebusbar.com/solutions/power-system","","index, follow","","","","",""
"https://www.yhflexiblebusbar.com/en/solutions/manufacturing","1","Non-Indexable","Canonicalised","https://www.yhflexiblebusbar.com/solutions/manufacturing","","index, follow","","","","",""
"https://www.yhflexiblebusbar.com/en/privacy","1","Non-Indexable","Canonicalised","https://www.yhflexiblebusbar.com/privacy","","index, follow","","","","",""
"https://www.yhflexiblebusbar.com/en/solutions/new-energy","1","Non-Indexable","Canonicalised","https://www.yhflexiblebusbar.com/solutions/new-energy","","index, follow","","","","",""
"https://www.yhflexiblebusbar.com/en/articles","1","Non-Indexable","Canonicalised","https://www.yhflexiblebusbar.com/articles","","index, follow","","","","",""
"https://www.yhflexiblebusbar.com/en/about","1","Non-Indexable","Canonicalised","https://www.yhflexiblebusbar.com/about","","index, follow","","","","",""
"https://www.yhflexiblebusbar.com/en/projects","1","Non-Indexable","Canonicalised","https://www.yhflexiblebusbar.com/projects","","index, follow","","","","",""
"https://www.yhflexiblebusbar.com/en/terms","1","Non-Indexable","Canonicalised","https://www.yhflexiblebusbar.com/terms","","index, follow","","","","",""
"https://www.yhflexiblebusbar.com/en/contact","1","Non-Indexable","Canonicalised","https://www.yhflexiblebusbar.com/contact","","index, follow","","","","",""
"https://www.yhflexiblebusbar.com/en/solutions/data-center","1","Non-Indexable","Canonicalised","https://www.yhflexiblebusbar.com/solutions/data-center","","index, follow","","","","",""
"https://www.yhflexiblebusbar.com/en/products","1","Non-Indexable","Canonicalised","https://www.yhflexiblebusbar.com/products","","index, follow","","","","",""
"https://www.yhflexiblebusbar.com/en/partners","1","Non-Indexable","Canonicalised","https://www.yhflexiblebusbar.com/partners","","index, follow","","","","",""
"https://www.yhflexiblebusbar.com/en/services","1","Non-Indexable","Canonicalised","https://www.yhflexiblebusbar.com/services","","index, follow","","","","",""
"https://www.yhflexiblebusbar.com/en/products/category/low-smoke-halogen-free-cables","1","Non-Indexable","Canonicalised","https://www.yhflexiblebusbar.com/products/category/low-smoke-halogen-free-cables","","index, follow","","","","",""
"https://www.yhflexiblebusbar.com/en/products/category/fire-resistant-cables","1","Non-Indexable","Canonicalised","https://www.yhflexiblebusbar.com/products/category/fire-resistant-cables","","index, follow","","","","",""
"https://www.yhflexiblebusbar.com/en/solutions/charging-station","1","Non-Indexable","Canonicalised","https://www.yhflexiblebusbar.com/solutions/charging-station","","index, follow","","","","",""
"https://www.yhflexiblebusbar.com/en/products/category/general-purpose-cables","1","Non-Indexable","Canonicalised","https://www.yhflexiblebusbar.com/products/category/general-purpose-cables","","index, follow","","","","",""
"https://www.yhflexiblebusbar.com/en/solutions/metallurgy","1","Non-Indexable","Canonicalised","https://www.yhflexiblebusbar.com/solutions/metallurgy","","index, follow","","","","",""
